{
  "resnet18": {
    "clean": {
      "top1": NaN,
      "top5": NaN,
      "count": 0
    },
    "corruptions": {
      "defocus_blur": [
        0.47824999999999995,
        0.5500833333333333,
        0.6938333333333333,
        0.8119166666666666,
        0.8835
      ],
      "glass_blur": [
        0.506,
        0.6305000000000001,
        0.83975,
        0.8745833333333333,
        0.9104166666666667
      ],
      "motion_blur": [
        0.42508333333333337,
        0.5444166666666667,
        0.7056666666666667,
        0.8362499999999999,
        0.8876666666666667
      ],
      "zoom_blur": [
        0.55375,
        0.6486666666666667,
        0.71625,
        0.7751666666666667,
        0.8215833333333333
      ]
    },
    "summary": {
      "clean_top1": NaN,
      "clean_top5": NaN,
      "avg_corruption_top1_error": 0.7046666666666667,
      "avg_corruption_top1_accuracy": 0.29533333333333334
    }
  }
}